{"Mean":{"confidence_interval":{"confidence_level":0.95,"lower_bound":1181979.9910425337,"upper_bound":1203557.4105777447},"point_estimate":1192232.471477655,"standard_error":5506.533574915466},"Median":{"confidence_interval":{"confidence_level":0.95,"lower_bound":1167461.953375286,"upper_bound":1184211.3837209302},"point_estimate":1174005.2691671262,"standard_error":3973.9032583851053},"MedianAbsDev":{"confidence_interval":{"confidence_level":0.95,"lower_bound":21319.104336292963,"upper_bound":37930.20438165667},"point_estimate":26196.61785542816,"standard_error":4133.702009172101},"Slope":{"confidence_interval":{"confidence_level":0.95,"lower_bound":1171057.4233308355,"upper_bound":1182607.8901378356},"point_estimate":1176583.8801182208,"standard_error":2954.7039357138956},"StdDev":{"confidence_interval":{"confidence_level":0.95,"lower_bound":40931.99984069797,"upper_bound":67791.40052024995},"point_estimate":55496.0771621634,"standard_error":6853.1948731783195}}