{"Mean":{"confidence_interval":{"confidence_level":0.95,"lower_bound":9656547.569519868,"upper_bound":9964482.68084189},"point_estimate":9811567.05942926,"standard_error":78711.99740401856},"Median":{"confidence_interval":{"confidence_level":0.95,"lower_bound":9605994.230769232,"upper_bound":10073677.146666668},"point_estimate":9772022.597839136,"standard_error":136782.3359901689},"MedianAbsDev":{"confidence_interval":{"confidence_level":0.95,"lower_bound":787565.7654689342,"upper_bound":1143923.9763389626},"point_estimate":1017652.4773936274,"standard_error":89190.50486085433},"Slope":{"confidence_interval":{"confidence_level":0.95,"lower_bound":9746722.706411006,"upper_bound":10162677.79509347},"point_estimate":9962144.603797842,"standard_error":106421.22050923234},"StdDev":{"confidence_interval":{"confidence_level":0.95,"lower_bound":707681.6439975097,"upper_bound":860255.5772160656},"point_estimate":789414.0840544549,"standard_error":38887.94015789672}}