{"Mean":{"confidence_interval":{"confidence_level":0.95,"lower_bound":1206847.6597408915,"upper_bound":1305101.8077738255},"point_estimate":1249945.136517216,"standard_error":25344.787834103823},"Median":{"confidence_interval":{"confidence_level":0.95,"lower_bound":1166254.721264368,"upper_bound":1198212.2144985106},"point_estimate":1180397.7363043479,"standard_error":7953.289999642265},"MedianAbsDev":{"confidence_interval":{"confidence_level":0.95,"lower_bound":49612.21097092447,"upper_bound":87579.21777179591},"point_estimate":64994.451180034965,"standard_error":9645.930676931395},"Slope":{"confidence_interval":{"confidence_level":0.95,"lower_bound":1208605.8539873888,"upper_bound":1445861.4352417183},"point_estimate":1312773.4769144377,"standard_error":61475.07009224813},"StdDev":{"confidence_interval":{"confidence_level":0.95,"lower_bound":103309.30842743494,"upper_bound":378961.28881448176},"point_estimate":255224.97781235247,"standard_error":73306.84835648064}}