{"Mean":{"confidence_interval":{"confidence_level":0.95,"lower_bound":1283310.3744768295,"upper_bound":1297252.4073595067},"point_estimate":1289834.1395506524,"standard_error":3560.947748145697},"Median":{"confidence_interval":{"confidence_level":0.95,"lower_bound":1277857.768455022,"upper_bound":1288457.65625},"point_estimate":1282900.7177248676,"standard_error":2855.3418809768527},"MedianAbsDev":{"confidence_interval":{"confidence_level":0.95,"lower_bound":17183.41758248887,"upper_bound":29875.498038235444},"point_estimate":22551.797238894003,"standard_error":3409.108922071746},"Slope":{"confidence_interval":{"confidence_level":0.95,"lower_bound":1280474.8126435645,"upper_bound":1290476.8584099868},"point_estimate":1285380.7182828432,"standard_error":2556.089221246775},"StdDev":{"confidence_interval":{"confidence_level":0.95,"lower_bound":23932.53810460166,"upper_bound":46862.74209285304},"point_estimate":35800.852792467966,"standard_error":5920.994501591343}}