{"Mean":{"confidence_interval":{"confidence_level":0.95,"lower_bound":1247186.4287238345,"upper_bound":1318295.9587103452},"point_estimate":1280052.465814862,"standard_error":18149.628015564267},"Median":{"confidence_interval":{"confidence_level":0.95,"lower_bound":1199201.6403030301,"upper_bound":1215821.2115384615},"point_estimate":1207739.78,"standard_error":4785.670800957366},"MedianAbsDev":{"confidence_interval":{"confidence_level":0.95,"lower_bound":21592.277969267983,"upper_bound":49621.331220459055},"point_estimate":34423.59542732047,"standard_error":7458.293056300684},"Slope":{"confidence_interval":{"confidence_level":0.95,"lower_bound":1316346.2526714827,"upper_bound":1453109.3088768264},"point_estimate":1382539.5725136693,"standard_error":34970.318062409475},"StdDev":{"confidence_interval":{"confidence_level":0.95,"lower_bound":114588.87067471928,"upper_bound":238980.452878425},"point_estimate":182131.2471101749,"standard_error":31659.714774053937}}