{"Mean":{"confidence_interval":{"confidence_level":0.95,"lower_bound":9712252.561735153,"upper_bound":9986844.619069891},"point_estimate":9851253.41990891,"standard_error":70025.88610081628},"Median":{"confidence_interval":{"confidence_level":0.95,"lower_bound":9783510.676470589,"upper_bound":10016077.5},"point_estimate":9896703.81092437,"standard_error":62528.23831451332},"MedianAbsDev":{"confidence_interval":{"confidence_level":0.95,"lower_bound":477335.04476824595,"upper_bound":808912.4704652493},"point_estimate":630688.1261658451,"standard_error":85041.75747705995},"Slope":{"confidence_interval":{"confidence_level":0.95,"lower_bound":9803048.585429164,"upper_bound":10138965.350387601},"point_estimate":9974569.872543225,"standard_error":85694.88339474546},"StdDev":{"confidence_interval":{"confidence_level":0.95,"lower_bound":601212.5751238862,"upper_bound":797415.8527463515},"point_estimate":705786.2156342171,"standard_error":49951.067631156555}}