{"Mean":{"confidence_interval":{"confidence_level":0.95,"lower_bound":8887439.258191872,"upper_bound":9142146.913772043},"point_estimate":9015191.568415098,"standard_error":65061.97120647663},"Median":{"confidence_interval":{"confidence_level":0.95,"lower_bound":8813284.491656492,"upper_bound":9193260.952380951},"point_estimate":8915857.557017542,"standard_error":113583.43542327105},"MedianAbsDev":{"confidence_interval":{"confidence_level":0.95,"lower_bound":512752.7051493626,"upper_bound":804086.3055561713},"point_estimate":635962.763271121,"standard_error":79993.08667159386},"Slope":{"confidence_interval":{"confidence_level":0.95,"lower_bound":8853676.164782628,"upper_bound":9080818.870080946},"point_estimate":8965318.195770651,"standard_error":58073.635929277865},"StdDev":{"confidence_interval":{"confidence_level":0.95,"lower_bound":563109.337493402,"upper_bound":732244.7191338433},"point_estimate":652268.1370915839,"standard_error":43122.64973440575}}