{"Mean":{"confidence_interval":{"confidence_level":0.95,"lower_bound":1299747.9920588185,"upper_bound":1349168.974633203},"point_estimate":1323136.913557818,"standard_error":12619.346570058717},"Median":{"confidence_interval":{"confidence_level":0.95,"lower_bound":1299526.6744186047,"upper_bound":1337476.6666666667},"point_estimate":1321664.5057720058,"standard_error":11665.025360223968},"MedianAbsDev":{"confidence_interval":{"confidence_level":0.95,"lower_bound":81365.65373616852,"upper_bound":133680.69419852045},"point_estimate":114890.2449470883,"standard_error":13752.953346896782},"Slope":{"confidence_interval":{"confidence_level":0.95,"lower_bound":1302281.2242156165,"upper_bound":1343206.054721051},"point_estimate":1322186.3340091622,"standard_error":10432.028002074772},"StdDev":{"confidence_interval":{"confidence_level":0.95,"lower_bound":87626.43168396779,"upper_bound":162610.65260118298},"point_estimate":126923.33290641442,"standard_error":19107.56753908486}}