{"Mean":{"confidence_interval":{"confidence_level":0.95,"lower_bound":8815540.88220866,"upper_bound":9010883.643271448},"point_estimate":8914254.9919062,"standard_error":49766.91565438687},"Median":{"confidence_interval":{"confidence_level":0.95,"lower_bound":8764782.3,"upper_bound":9010674.011827957},"point_estimate":8859394.381493505,"standard_error":63101.344261495484},"MedianAbsDev":{"confidence_interval":{"confidence_level":0.95,"lower_bound":370552.14512004424,"upper_bound":632398.0930016706},"point_estimate":483517.0860443021,"standard_error":64003.12686305408},"Slope":{"confidence_interval":{"confidence_level":0.95,"lower_bound":8924285.260528164,"upper_bound":9142694.79913712},"point_estimate":9034504.574470224,"standard_error":55764.02091953921},"StdDev":{"confidence_interval":{"confidence_level":0.95,"lower_bound":418229.95166373067,"upper_bound":579730.2908569651},"point_estimate":498936.2258487209,"standard_error":41508.42569858802}}