{"Mean":{"confidence_interval":{"confidence_level":0.95,"lower_bound":10299868.01655637,"upper_bound":10582454.440724175},"point_estimate":10443092.892310075,"standard_error":72236.5012061344},"Median":{"confidence_interval":{"confidence_level":0.95,"lower_bound":10330853.020833334,"upper_bound":10807494.733333332},"point_estimate":10645215.127551021,"standard_error":147073.4579633254},"MedianAbsDev":{"confidence_interval":{"confidence_level":0.95,"lower_bound":553846.8468679874,"upper_bound":926185.3728889222},"point_estimate":806322.7921108799,"standard_error":98781.83466847369},"Slope":{"confidence_interval":{"confidence_level":0.95,"lower_bound":9804954.151783695,"upper_bound":10195199.554383662},"point_estimate":9994609.077582385,"standard_error":99922.54707742864},"StdDev":{"confidence_interval":{"confidence_level":0.95,"lower_bound":631145.1234503648,"upper_bound":800674.9253156986},"point_estimate":722401.4254355787,"standard_error":43345.025798717645}}