{"Mean":{"confidence_interval":{"confidence_level":0.95,"lower_bound":9057753.4535026,"upper_bound":9397395.3869122},"point_estimate":9226322.9722471,"standard_error":86460.21292928992},"Median":{"confidence_interval":{"confidence_level":0.95,"lower_bound":8934926.6,"upper_bound":9513392.701030929},"point_estimate":9241022.287755102,"standard_error":163753.5785433537},"MedianAbsDev":{"confidence_interval":{"confidence_level":0.95,"lower_bound":848332.1381355185,"upper_bound":1246200.6660531769},"point_estimate":1125862.2700798989,"standard_error":103236.54996125023},"Slope":{"confidence_interval":{"confidence_level":0.95,"lower_bound":9599137.95252158,"upper_bound":9864704.409441223},"point_estimate":9734897.853642678,"standard_error":67626.51011719926},"StdDev":{"confidence_interval":{"confidence_level":0.95,"lower_bound":777382.4604277872,"upper_bound":950177.7414966688},"point_estimate":869482.4458842181,"standard_error":44170.82641555844}}