{"Mean":{"confidence_interval":{"confidence_level":0.95,"lower_bound":1284273.3188601164,"upper_bound":1299804.066121706},"point_estimate":1291598.93631455,"standard_error":3971.9391492883974},"Median":{"confidence_interval":{"confidence_level":0.95,"lower_bound":1273388.2142857143,"upper_bound":1287270.81118202},"point_estimate":1282476.2352795645,"standard_error":3915.540305637743},"MedianAbsDev":{"confidence_interval":{"confidence_level":0.95,"lower_bound":16925.96492579037,"upper_bound":29779.63465976382},"point_estimate":23821.029539656276,"standard_error":3358.0067644478436},"Slope":{"confidence_interval":{"confidence_level":0.95,"lower_bound":1278694.8237724802,"upper_bound":1291523.7348227163},"point_estimate":1284763.1906487364,"standard_error":3287.2443754418377},"StdDev":{"confidence_interval":{"confidence_level":0.95,"lower_bound":27511.513593073534,"upper_bound":50051.98941695108},"point_estimate":39727.08276218544,"standard_error":5771.156188870665}}